"Data Source","World Development Indicators",

"Last Updated Date","2021-03-19",

"Country Name","Country Code","Indicator Name","Indicator Code","1960","1961","1962","1963","1964","1965","1966","1967","1968","1969","1970","1971","1972","1973","1974","1975","1976","1977","1978","1979","1980","1981","1982","1983","1984","1985","1986","1987","1988","1989","1990","1991","1992","1993","1994","1995","1996","1997","1998","1999","2000","2001","2002","2003","2004","2005","2006","2007","2008","2009","2010","2011","2012","2013","2014","2015","2016","2017","2018","2019","2020",
"Aruba","ABW","Central government debt, total (% of GDP)","GC.DOD.TOTL.GD.ZS","","","","","","","","","","","","","","","","","","","","","","","","","","","","","","","","","","","","","","","","","","","","","","","","","","","","","","","","","","","","","",
"Afghanistan","AFG","Central government debt, total (% of GDP)","GC.DOD.TOTL.GD.ZS","","","","","","","","","","","","","","","","","","","","","","","","","","","","","","","","","","","","","","","","","","","","","","","","","","","","","","","","","","","","","",
"Angola","AGO","Central government debt, total (% of GDP)","GC.DOD.TOTL.GD.ZS","","","","","","","","","","","","","","","","","","","","","","","","","","","","","","","","","","","","","","","","","","","","","","","","","","","","","","","","","","","","","",
"Albania","ALB","Central government debt, total (% of GDP)","GC.DOD.TOTL.GD.ZS","","","","","","","","","","","","","","","","","","","","","","","","","","","","","","","","","","","","35.7569039092832","37.4810503903393","53.1077864994122","55.5656446651293","","","","","","","","","","","","","69.637669633181","63.6691535959585","70.5807880900052","73.3202469198429","79.8644448747259","80.7355753879892","","","","",
"Andorra","AND","Central government debt, total (% of GDP)","GC.DOD.TOTL.GD.ZS","","","","","","","","","","","","","","","","","","","","","","","","","","","","","","","","","","","","","","","","","","","","","","","","","","","","","","","","","","","","","",
"Arab World","ARB","Central government debt, total (% of GDP)","GC.DOD.TOTL.GD.ZS","","","","","","","","","","","","","","","","","","","","","","","","","","","","","","","","","","","","","","","","","","","","","","","","","","","","","","","","","","","","","",
"United Arab Emirates","ARE","Central government debt, total (% of GDP)","GC.DOD.TOTL.GD.ZS","","","","","","","","","","","","","","","","","","","","","","","","","","","","","","","","","","","","","","","","","","","","","","","","","","","","","","1.89352238938485","","","","","","","",
"Argentina","ARG","Central government debt, total (% of GDP)","GC.DOD.TOTL.GD.ZS","","","","","","","","","","","","","","","","","","","","","","","","","","","","","","","","","","","","","","","","","","","","","","","","","","","","","","","","","","","","","",
"Armenia","ARM","Central government debt, total (% of GDP)","GC.DOD.TOTL.GD.ZS","","","","","","","","","","","","","","","","","","","","","","","","","","","","","","","","","","","","","","","","","","","","","","","","","","","","","","","","","","","","","",
"American Samoa","ASM","Central government debt, total (% of GDP)","GC.DOD.TOTL.GD.ZS","","","","","","","","","","","","","","","","","","","","","","","","","","","","","","","","","","","","","","","","","","","","","","","","","","","","","","","","","","","","","",
"Antigua and Barbuda","ATG","Central government debt, total (% of GDP)","GC.DOD.TOTL.GD.ZS","","","","","","","","","","","","","","","","","","","","","","","","","","","","","","","","","","","","","","","","","","","","","","","","","","","","","","","","","","","","","",
"Australia","AUS","Central government debt, total (% of GDP)","GC.DOD.TOTL.GD.ZS","","","","","","","","","","","","","","","","","","","","","","","","","","","","","","","12.2530084682811","11.9430136193107","14.17313887896","17.9074283317208","20.2256526966678","21.7363875875261","21.8677442527374","20.9115580839596","16.9103056128496","31.1495288974604","29.590461598496","0.027812999066754","0.0259859755281053","0.025182281262485","0.0229722463210145","0.0225072123906758","0.021647280792429","0.0203203959532226","0.0183978262365233","0.0240607231707462","0.0292573610275351","0.0305868467382266","0.0399077533348717","0.0380392720986105","0.042207528166503","0.0469480198522591","0.054648482520169","","","","",
"Austria","AUT","Central government debt, total (% of GDP)","GC.DOD.TOTL.GD.ZS","","","","","","","","","","","","","","","","","","","","","","","","","","","","","","","","","","","","","","","","","","","","","","","","","","","","","","","","","","","","","",
"Azerbaijan","AZE","Central government debt, total (% of GDP)","GC.DOD.TOTL.GD.ZS","","","","","","","","","","","","","","","","","","","","","","","","","","","","","","","","","","","","","","","","","","","","","","","","","4.57653797474662","6.29501240116287","6.38557579182856","","","","","","","","","","",
"Burundi","BDI","Central government debt, total (% of GDP)","GC.DOD.TOTL.GD.ZS","","","","","","","","","","","","","","","","","","","","","","","","","","","","","","","","88.7936648764972","103.991579904102","117.630979428415","117.012589933937","128.919219059812","144.097681489928","134.247082847141","151.277211394303","162.561440491875","","","","","","","","","","","","","","","","","","","","","",
"Belgium","BEL","Central government debt, total (% of GDP)","GC.DOD.TOTL.GD.ZS","","","","","","","","","","","","","","","","","","","","","","","","","","","","","","","","","","","","","","","","","","","","","","","","","","","","","","","","","","","","","",
"Benin","BEN","Central government debt, total (% of GDP)","GC.DOD.TOTL.GD.ZS","","","","","","","","","","","","","","","","","","","","","","","","","","","","","","","","","","","","","","","","","","","","","","","","","","","","","","","","","","","","","",
"Burkina Faso","BFA","Central government debt, total (% of GDP)","GC.DOD.TOTL.GD.ZS","","","","","","","","","","","","","","","","","","","","","","","","","","","","","","","","","","","","","","","","","","","","","","","","","","","","","","","","","","","","","",
"Bangladesh","BGD","Central government debt, total (% of GDP)","GC.DOD.TOTL.GD.ZS","","","","","","","","","","","","","","","","","","","","","","","","","","","","","","","","","","","","","","","","","","31.4618431575804","31.863991518402","31.2044521104432","","","","","","","","","","","","","","","","","",
"Bulgaria","BGR","Central government debt, total (% of GDP)","GC.DOD.TOTL.GD.ZS","","","","","","","","","","","","","","","","","","","","","","","","","","","","","","","","","","","","","","","","","","","","","","","","","","","","","","","","","","","","","",
"Bahrain","BHR","Central government debt, total (% of GDP)","GC.DOD.TOTL.GD.ZS","","","","","","","","","","","","","","","","","","","","","","","","","","","","","","","8.72736418511066","16.3795586794953","21.2998208687864","19.347414718969","17.8800029674213","16.986451622554","15.8131027247135","16.9605823750437","21.1646810889854","23.6915052697933","25.7450148929614","27.1047836328351","28.3796671065326","32.4533576041094","29.3985591955441","","","","","","","","","","","","","","","","",
"Bahamas, The","BHS","Central government debt, total (% of GDP)","GC.DOD.TOTL.GD.ZS","","","","","","","","","","","","","","","","","","","","","","","","","","","","","","","24.4188250157928","27.9767032232351","30.6304277902863","34.4340232858991","34.8665234734581","33.9982502187227","34.2227763923525","21.7237964992515","20.9517328580084","19.6411443712608","18.7520042790972","","","","","","23.4702303966166","23.2550473991226","25.4503135094053","30.9034598415542","33.6865674302876","35.2808662969381","36.4320134322093","44.3706426706029","46.4237373555564","48.290039963111","51.4634195414344","","","","",
"Bosnia and Herzegovina","BIH","Central government debt, total (% of GDP)","GC.DOD.TOTL.GD.ZS","","","","","","","","","","","","","","","","","","","","","","","","","","","","","","","","","","","","","","","","","","","","","","","","","","","","45.8346942869169","49.0902631535795","","","","52.8681146878044","","","","",
"Belarus","BLR","Central government debt, total (% of GDP)","GC.DOD.TOTL.GD.ZS","","","","","","","","","","","","","","","","","","","","","","","","","","","","","","","","","25.7608695652174","5.18781725888325","75.9557129208116","16.8800606245315","11.5201288580528","12.1714690728675","20.1805426390813","15.103117448937","15.0144518163306","11.440616774975","12.3366860124798","","","6.57022058767027","6.64440183178372","8.9092608163614","10.6566343685377","18.5574619808712","18.905245726907","39.4168108447656","24.4293134230567","23.8372955552391","24.5487262642116","37.5981780556757","39.960153098796","","","","",
"Belize","BLZ","Central government debt, total (% of GDP)","GC.DOD.TOTL.GD.ZS","","","","","","","","","","","","","","","","","","","","","","","","","","","","","","","28.129049442904","28.6434802063992","32.960172244819","35.3265313139531","37.1674972975588","36.3108902435642","38.8322873137737","","","","","","67.8144424625696","88.6139806812405","104.633376135445","93.2214509323533","88.1890674709747","86.0038140924819","79.8031598031598","83.2280801639718","81.3270766773163","78.2532858707557","76.9634907085166","78.7767506648094","78.4812966081309","","","","","","",
"Bermuda","BMU","Central government debt, total (% of GDP)","GC.DOD.TOTL.GD.ZS","","","","","","","","","","","","","","","","","","","","","","","","","","","","","","","","","","","","","","","","","","","","","","","","","","","","","","","","","","","","","",
"Bolivia","BOL","Central government debt, total (% of GDP)","GC.DOD.TOTL.GD.ZS","","","","","","","","","","","","","","","","","","","","","","","","","","","","","","","","","","","59.1717239568102","57.411379214187","47.8828063678676","46.5365055204049","47.0751922918139","56.2575827502911","60.1091978561596","68.339852256336","","","","","","","","","","","","","","","","","","","",
"Brazil","BRA","Central government debt, total (% of GDP)","GC.DOD.TOTL.GD.ZS","","","","","","","","","","","","","","","","","","","","","","","","","","","","","","","","","","","","","","","","","","","","","","","63.9523563420215","62.4516834896092","60.6559304867725","63.8078274298857","61.3187804611479","59.3416718609879","59.8494899958247","57.228409380258","58.4572711058609","67.5375540277116","73.4188038096759","","","","",
"Barbados","BRB","Central government debt, total (% of GDP)","GC.DOD.TOTL.GD.ZS","","","","","","","","","","","","","","","","","","","","","","","","","","","","","","","","","","","","","","","","","","","","","","63.7916238643802","62.366447611144","66.8268945870774","71.1687020480669","86.8797344642257","95.7246431346578","100.250526720344","112.775967104121","120.486330339962","129.625295698925","141.72881485684","","","","","",
"Brunei Darussalam","BRN","Central government debt, total (% of GDP)","GC.DOD.TOTL.GD.ZS","","","","","","","","","","","","","","","","","","","","","","","","","","","","","","","","","","","","","","","","","","","","","","","","","","","","","","","","","","","","","",
"Bhutan","BTN","Central government debt, total (% of GDP)","GC.DOD.TOTL.GD.ZS","","","","","","","","","","","","","","","","","","","","","","","","","","","","","","","51.1880192526389","47.4653512960086","45.4804885550539","39.3324210003702","32.9392012291965","27.08988148767","36.299846850237","30.7408747223376","29.969266259208","34.3907413132198","40.4803749445844","72.2084540385737","58.1222739026208","70.8373493826887","77.4580226371016","81.722619484527","76.8295072044597","64.28857447128","61.9120647725711","58.1908237667352","56.2118312539319","64.0467185407083","74.2422122045535","98.4448853569081","93.110334600343","93.9692283182182","110.676901008361","","","","",
"Botswana","BWA","Central government debt, total (% of GDP)","GC.DOD.TOTL.GD.ZS","","","","","","","","","","","","","","","","","","","","","","","","","","","","","","","11.3711032492715","12.1168020575228","12.5321505732804","12.4450599461028","12.0423976352474","10.972076070214","11.1567555492122","","","","","","","","","","5.89360961421408","5.74118725017073","7.84730897264042","18.9731164738468","21.6306883124047","20.7431792529754","19.9455500589099","18.2124293899498","17.4453260792231","17.9091725600726","15.2354626305536","","","","",
"Central African Republic","CAF","Central government debt, total (% of GDP)","GC.DOD.TOTL.GD.ZS","","","","","","","","","","","","","","","","","","","","","","","","","","","","","","","","","","","","","","","","","","","","","","","","","","","","","","","","","","","","","",
"Canada","CAN","Central government debt, total (% of GDP)","GC.DOD.TOTL.GD.ZS","","","","","","","","","","","","","","","","","","","","","","","","","","","","","","","","","","","","","","","","","","","","","","","","","","","","","","","","","","","","","",
"Central Europe and the Baltics","CEB","Central government debt, total (% of GDP)","GC.DOD.TOTL.GD.ZS","","","","","","","","","","","","","","","","","","","","","","","","","","","","","","","","","","","49.423637991537","","","","","","","","","","","","","","","","","","","","","","","","","","",
"Switzerland","CHE","Central government debt, total (% of GDP)","GC.DOD.TOTL.GD.ZS","","","","","","","","","","","","","","","","","","","","","","","","","","","","","","","12.692933385669","13.4334220793987","15.6859336477208","18.9946700568515","20.6665691928492","23.1661445905892","23.5991683583663","25.6430753165258","27.907978750792","25.6923234371178","26.3370973920301","25.260396759894","30.3902607672853","29.437765349463","29.9983918246053","30.0129521324135","26.3534189803434","24.0052180203561","23.6417272677216","22.2458964121347","21.5610607269589","21.6726065694973","21.8499716604093","20.6569585113431","21.0497565857541","20.8877474312316","19.7349135496409","","","","",
"Channel Islands","CHI","Central government debt, total (% of GDP)","GC.DOD.TOTL.GD.ZS","","","","","","","","","","","","","","","","","","","","","","","","","","","","","","","","","","","","","","","","","","","","","","","","","","","","","","","","","","","","","",
"Chile","CHL","Central government debt, total (% of GDP)","GC.DOD.TOTL.GD.ZS","","","","","","","","","","","","","","","","","","","","","","","","","","","","","","","","","","","","","","","","","","","","","","","","","","","","","","","","","","","","","",
"China","CHN","Central government debt, total (% of GDP)","GC.DOD.TOTL.GD.ZS","","","","","","","","","","","","","","","","","","","","","","","","","","","","","","","","","","","","","","","","","","","","","","","","","","","","","","","","","","","","","",
"Cote d'Ivoire","CIV","Central government debt, total (% of GDP)","GC.DOD.TOTL.GD.ZS","","","","","","","","","","","","","","","","","","","","","","","","","","","","","","","","","","","","171.065442627283","","","","","","","","","","","","","","","","","","","","","","","","","",
"Cameroon","CMR","Central government debt, total (% of GDP)","GC.DOD.TOTL.GD.ZS","","","","","","","","","","","","","","","","","","","","","","","","","","","","","","","","","","","","","","","","","","","","","","","","","","","","","","","","","","","","","",
"Congo, Dem. Rep.","COD","Central government debt, total (% of GDP)","GC.DOD.TOTL.GD.ZS","","","","","","","","","","","","","","","","","","","","","","","","","","","","","","","289.844727084303","113.584666666667","128.444708097928","104.00210747895","169.786611378329","232.936231054902","243.595506269697","152.187001902338","","","","","","","","","","","","","","","","","","","","","","","",
"Congo, Rep.","COG","Central government debt, total (% of GDP)","GC.DOD.TOTL.GD.ZS","","","","","","","","","","","","","","","","","","","","","","","","","","","","","","","","","","","","","","","","","","","","","","","","","","60.2269417189103","25.4826844740907","","","","","","","","","","",
"Colombia","COL","Central government debt, total (% of GDP)","GC.DOD.TOTL.GD.ZS","","","","","","","","","","","","","","","","","","","","","","","","","","","","","","","","","","","","","","","5.40391549112143","19.0653508704071","17.7090216802298","","","52.535419533379","","","","","65.2450803056946","68.9990033374936","72.4526699261111","62.8601328222053","65.227695883164","67.1029119456429","79.683056954816","66.6678191158853","57.4056493415041","","","","",
"Comoros","COM","Central government debt, total (% of GDP)","GC.DOD.TOTL.GD.ZS","","","","","","","","","","","","","","","","","","","","","","","","","","","","","","","","","","","","","","","","","","","","","","","","","","","","","","","","","","","","","",
"Cabo Verde","CPV","Central government debt, total (% of GDP)","GC.DOD.TOTL.GD.ZS","","","","","","","","","","","","","","","","","","","","","","","","","","","","","","","","","","","","","","","","","","","","","","","","","","","","","","","","","","","","","",
"Costa Rica","CRI","Central government debt, total (% of GDP)","GC.DOD.TOTL.GD.ZS","","","","","","","","","","","","","","","","","","","","","","","","","","","","","","","","","","","","","30.2540036745677","30.329374318786","40.4024775646238","40.272173248257","38.6669747929907","39.4903697018012","","","","","","","","","","","","","","","","","","","",
"Caribbean small states","CSS","Central government debt, total (% of GDP)","GC.DOD.TOTL.GD.ZS","","","","","","","","","","","","","","","","","","","","","","","","","","","","","","","","","","","","","","","","","","","","","","","51.1209283528316","49.8943499067735","","","","","","","","","","","","","",
"Cuba","CUB","Central government debt, total (% of GDP)","GC.DOD.TOTL.GD.ZS","","","","","","","","","","","","","","","","","","","","","","","","","","","","","","","","","","","","","","","","","","","","","","","","","","","","","","","","","","","","","",
"Curacao","CUW","Central government debt, total (% of GDP)","GC.DOD.TOTL.GD.ZS","","","","","","","","","","","","","","","","","","","","","","","","","","","","","","","","","","","","","","","","","","","","","","","","","","","","","","","","","","","","","",
"Cayman Islands","CYM","Central government debt, total (% of GDP)","GC.DOD.TOTL.GD.ZS","","","","","","","","","","","","","","","","","","","","","","","","","","","","","","","","","","","","","","","","","","","","","","","","","","","","","","","","","","","","","",
"Cyprus","CYP","Central government debt, total (% of GDP)","GC.DOD.TOTL.GD.ZS","","","","","","","","","","","","","","","","","","","","","","","","","","","","","","","86.6187458378789","96.3842337020678","95.8339898010768","100.330442275555","91.6683134055663","","","","","","","","","","","","","","","","","","","","","","","","","","",
"Czech Republic","CZE","Central government debt, total (% of GDP)","GC.DOD.TOTL.GD.ZS","","","","","","","","","","","","","","","","","","","","","","","","","","","","","","","","","","15.8409307897154","14.0963768118815","","","","","","","","","","","","","","","","","","","","","","","","","","",
"Germany","DEU","Central government debt, total (% of GDP)","GC.DOD.TOTL.GD.ZS","","","","","","","","","","","","","","","","","","","","","","","","","","","","","","","20.9305896078757","21.9525351967505","24.0875473165458","26.3607818923312","28.0622963298725","35.2768115865534","36.5401603923105","37.1433874583919","37.1045890313001","19.1767970901008","","","","","","","","","","","","","","","","","","","","","",
"Djibouti","DJI","Central government debt, total (% of GDP)","GC.DOD.TOTL.GD.ZS","","","","","","","","","","","","","","","","","","","","","","","","","","","","","","","","","","","","","","","","","","","","","","","","","","","","","","","","","","","","","",
"Dominica","DMA","Central government debt, total (% of GDP)","GC.DOD.TOTL.GD.ZS","","","","","","","","","","","","","","","","","","","","","","","","","","","","","","","","","","","","","","","","","","","","","","","","","","","","","","","","","","","","","",
"Denmark","DNK","Central government debt, total (% of GDP)","GC.DOD.TOTL.GD.ZS","","","","","","","","","","","","","","","","","","","","","","","","","","","","","","","","62.1353715549511","66.6274703025094","78.2391494592879","75.2615702831118","","","","","","","","","","","","","","","","","","","","","","","","","","",
"Dominican Republic","DOM","Central government debt, total (% of GDP)","GC.DOD.TOTL.GD.ZS","","","","","","","","","","","","","","","","","","","","","","","","","","","","","","","","","","","","","20.9601830789478","17.570232496367","","16.4168038380386","","","","","","","","","","","","","","","","","","","","","",
"Algeria","DZA","Central government debt, total (% of GDP)","GC.DOD.TOTL.GD.ZS","","","","","","","","","","","","","","","","","","","","","","","","","","","","","","","","","","","","","","","","","","","","","","","","","","","","","","","","","","","","","",
"East Asia & Pacific (excluding high income)","EAP","Central government debt, total (% of GDP)","GC.DOD.TOTL.GD.ZS","","","","","","","","","","","","","","","","","","","","","","","","","","","","","","","","","","","","","","","","","","","","","","","","","","","","","","","","","","","","","",
"Early-demographic dividend","EAR","Central government debt, total (% of GDP)","GC.DOD.TOTL.GD.ZS","","","","","","","","","","","","","","","","","","","","","","","","","","","","","","","","","","","","","","","","","","","","","","","","","","","","","","","","","","","","","",
"East Asia & Pacific","EAS","Central government debt, total (% of GDP)","GC.DOD.TOTL.GD.ZS","","","","","","","","","","","","","","","","","","","","","","","","","","","","","","","","","","","","","","","","","","","","","","","","","","","","","","","","","","","","","",
"Europe & Central Asia (excluding high income)","ECA","Central government debt, total (% of GDP)","GC.DOD.TOTL.GD.ZS","","","","","","","","","","","","","","","","","","","","","","","","","","","","","","","","","","","","","","","103.022251400933","","","","","","","","","","17.4922623111544","22.3728203262827","21.4017225564038","20.6667026137465","19.8191418105026","18.2997359409155","20.8096036472034","22.547523408968","23.9479365024006","","","","",
"Europe & Central Asia","ECS","Central government debt, total (% of GDP)","GC.DOD.TOTL.GD.ZS","","","","","","","","","","","","","","","","","","","","","","","","","","","","","","","","","","","","","","","","","","","","","","","","","","","","","","","","","","","","","",
"Ecuador","ECU","Central government debt, total (% of GDP)","GC.DOD.TOTL.GD.ZS","","","","","","","","","","","","","","","","","","","","","","","","","","","","","","","","","","","","","","","","","","","","","","","","","","","","","","","","","","","","","",
"Egypt, Arab Rep.","EGY","Central government debt, total (% of GDP)","GC.DOD.TOTL.GD.ZS","","","","","","","","","","","","","","","","","","","","","","","","","","","","","","","","","","","","","","","","","","","","","","","","85.7885338345865","","","","","","","","","","","","","",
"Euro area","EMU","Central government debt, total (% of GDP)","GC.DOD.TOTL.GD.ZS","","","","","","","","","","","","","","","","","","","","","","","","","","","","","","","","","","","","","","","","","","","","","","","","","","","","","","","","","","","","","",
"Eritrea","ERI","Central government debt, total (% of GDP)","GC.DOD.TOTL.GD.ZS","","","","","","","","","","","","","","","","","","","","","","","","","","","","","","","","","","","","","","","","","","","","","","","","","","","","","","","","","","","","","",
"Spain","ESP","Central government debt, total (% of GDP)","GC.DOD.TOTL.GD.ZS","","","","","","","","","","","2002.51041517294","1767.38557414432","","","","","","","","","","","","","","","","","","","","","","","","54.3557965131408","60.1004397822037","59.6225561393579","60.1419403080399","55.2102236219735","52.7355417444068","48.7707218385079","47.8456517543422","44.071962064309","43.2698677308708","40.6065343331489","36.0784830356391","32.2607076358179","37.3808318444364","51.207696019963","54.0245375520116","62.3177975508086","84.5815735867772","99.9225891215183","112.209923460474","104.744568142593","104.572915274022","","","","",
"Estonia","EST","Central government debt, total (% of GDP)","GC.DOD.TOTL.GD.ZS","","","","","","","","","","","","","","","","","","","","","","","","","","","","","","","","","","","","","","","","","","","","","","","","","","","","","","","","","","","","","",
"Ethiopia","ETH","Central government debt, total (% of GDP)","GC.DOD.TOTL.GD.ZS","","","","","","","","","","","","","","","","","","","","","","","","","","","","","","","48.3529569208809","50.8858787649859","44.3811735667036","73.2874344892619","92.5041549448277","82.6296763565148","72.1500093626094","69.4216870598482","77.9616791099719","85.5546979166054","","","","","","","","","","","","","","10.733283781495","","","","","","","",
"European Union","EUU","Central government debt, total (% of GDP)","GC.DOD.TOTL.GD.ZS","","","","","","","","","","","","","","","","","","","","","","","","","","","","","","","","","","","","","","","","","","","","","","","","","","","","","","","","","","","","","",
"Fragile and conflict affected situations","FCS","Central government debt, total (% of GDP)","GC.DOD.TOTL.GD.ZS","","","","","","","","","","","","","","","","","","","","","","","","","","","","","","","","","","","","","","","","","","","","","","","","","","","","","","","","","","","","","",
"Finland","FIN","Central government debt, total (% of GDP)","GC.DOD.TOTL.GD.ZS","","","","","","","","","","","","","","","","","","","","","","","","","","","","","","","10.475619549193","17.0154334973518","34.1069451021769","51.6247530191364","58.2474104044739","","","","","","","","","","","","","","","","","","","","","","","","","","",
"Fiji","FJI","Central government debt, total (% of GDP)","GC.DOD.TOTL.GD.ZS","","","","","","","","","","","","","","","","","","","","","","","","","","","","","","","","36.8418217433888","33.6867480345741","36.5528455284553","36.6378536147283","","","","","","","","","","","","","","","","","","","","","","","","","","",
"France","FRA","Central government debt, total (% of GDP)","GC.DOD.TOTL.GD.ZS","","","","","","","","","","","","","","","","","","","","","","","","","","","","","","","","","","","","","","","","","","","","","","","","","","","","","","","","","","","","","",
"Faroe Islands","FRO","Central government debt, total (% of GDP)","GC.DOD.TOTL.GD.ZS","","","","","","","","","","","","","","","","","","","","","","","","","","","","","","","","","","","","","","","","","","","","","","","","","","","","","","","","","","","","","",
"Micronesia, Fed. Sts.","FSM","Central government debt, total (% of GDP)","GC.DOD.TOTL.GD.ZS","","","","","","","","","","","","","","","","","","","","","","","","","","","","","","","","","","","","","","","","","","","","","","","","","26.6089754283853","25.4416218372326","24.1548813396191","25.2019616988798","27.1151720388805","26.3230241123984","23.3897348085264","29.9431447891386","25.3917774115375","","","","",
"Gabon","GAB","Central government debt, total (% of GDP)","GC.DOD.TOTL.GD.ZS","","","","","","","","","","","","","","","","","","","","","","","","","","","","","","","","","","","","","","","","","","","","","","","","","","","","","","","","","","","","","",
"United Kingdom","GBR","Central government debt, total (% of GDP)","GC.DOD.TOTL.GD.ZS","","","","","","","","","","","","","","","","","","","","","","","","","","","","","","","30.2033709452908","29.1948960284953","30.3997500632281","35.3135500060757","40.4800884599488","43.922334802073","43.6283473593131","44.9699407215277","46.2182875105131","42.7043795936305","42.6074543810027","38.4757419838365","39.4416769345902","39.3492032439637","42.7380526736801","44.1499304577755","43.6238366341836","44.653866478774","55.2461081644424","68.9327025781826","81.6963569500982","95.2504060769353","99.2474541864522","95.1373344728072","106.213063195636","105.159904345358","114.972244759278","","","","",
"Georgia","GEO","Central government debt, total (% of GDP)","GC.DOD.TOTL.GD.ZS","","","","","","","","","","","","","","","","","","","","","","","","","","","","","","","","","","","","","","43.4060023271642","56.9044821887258","71.9371284421472","69.9376148003508","66.6691639196883","64.9584227467811","53.8060041335342","43.8362020703765","35.0764570730322","27.9581432787765","22.6870976473773","27.0177038935984","34.6113643945291","34.9813945815156","31.0141412238458","31.2642090842647","31.8496420465077","33.13520113096","38.6309120377192","42.1439334747182","","","","",
"Ghana","GHA","Central government debt, total (% of GDP)","GC.DOD.TOTL.GD.ZS","","","","","","","","","","","","","","","","","","","","","","","","","","","","","","","","","","","","","","","","","","","","","","","","","","","","","","","","","","","","","",
"Gibraltar","GIB","Central government debt, total (% of GDP)","GC.DOD.TOTL.GD.ZS","","","","","","","","","","","","","","","","","","","","","","","","","","","","","","","","","","","","","","","","","","","","","","","","","","","","","","","","","","","","","",
"Guinea","GIN","Central government debt, total (% of GDP)","GC.DOD.TOTL.GD.ZS","","","","","","","","","","","","","","","","","","","","","","","","","","","","","","","","","","","","","","","","","","","","","","","","","","","","","","","","","","","","","",
"Gambia, The","GMB","Central government debt, total (% of GDP)","GC.DOD.TOTL.GD.ZS","","","","","","","","","","","","","","","","","","","","","","","","","","","","","","","","","","","","","","","","","","","","","","","","","","","","","","","","","","","","","",
"Guinea-Bissau","GNB","Central government debt, total (% of GDP)","GC.DOD.TOTL.GD.ZS","","","","","","","","","","","","","","","","","","","","","","","","","","","","","","","","","","","","","","","","","","","","","","","","","","","","","","","","","","","","","",
"Equatorial Guinea","GNQ","Central government debt, total (% of GDP)","GC.DOD.TOTL.GD.ZS","","","","","","","","","","","","","","","","","","","","","","","","","","","","","","","","","","","","","","","","","","","","","","","","","","","","","","","","","","","","","",
"Greece","GRC","Central government debt, total (% of GDP)","GC.DOD.TOTL.GD.ZS","","","","","","","","","","","","","","","","","","","","","","","","","","","","","","","","","","","","","","","","","","","","","","","","","","","","","","","","","","","","","",
"Grenada","GRD","Central government debt, total (% of GDP)","GC.DOD.TOTL.GD.ZS","","","","","","","","","","","","","","","","","","","","","","","","","","","","","","","","","","","","","","","","","","","","","","","","","","","","","","","","","","","","","",
"Greenland","GRL","Central government debt, total (% of GDP)","GC.DOD.TOTL.GD.ZS","","","","","","","","","","","","","","","","","","","","","","","","","","","","","","","","","","","","","","","","","","","","","","","","","","","","","","","","","","","","","",
"Guatemala","GTM","Central government debt, total (% of GDP)","GC.DOD.TOTL.GD.ZS","","","","","","","","","","","","","","","","","","","","","","","","","","","","","","","24.4806851423724","17.7517913078306","15.8312193134152","13.6225081203374","13.1619490409219","11.404999017517","11.2418328744629","11.3452176738095","11.2801678443371","13.4701885924417","16.9838230125753","19.9465029708468","18.3935998236588","20.7110409025044","21.7859462482716","21.2624787691045","21.8766766186978","21.6355733852413","20.0539449933996","23.0172340649543","24.4197869377335","24.1625898129509","24.3112735898706","25.2099496228498","23.6473898557166","23.5727353920286","22.9888860636439","","","","",
"Guam","GUM","Central government debt, total (% of GDP)","GC.DOD.TOTL.GD.ZS","","","","","","","","","","","","","","","","","","","","","","","","","","","","","","","","","","","","","","","","","","","","","","","","","","","","","","","","","","","","","",
"Guyana","GUY","Central government debt, total (% of GDP)","GC.DOD.TOTL.GD.ZS","","","","","","","","","","","","","","","","","","","","","","","","","","","","","","","","","","","","","","","","","","","","","","","","","","","","","","","","","","","","","",
"High income","HIC","Central government debt, total (% of GDP)","GC.DOD.TOTL.GD.ZS","","","","","","","","","","","","","","","","","","","","","","","","","","","","","","","37.9518598018913","39.7644823256812","41.8319089461429","41.6619843697433","44.170732615645","46.4707406035547","47.3963536389071","47.5888862307346","48.9463065847426","46.7835716580193","","","","","","","","","","","","","","","","","","","","","",
"Hong Kong SAR, China","HKG","Central government debt, total (% of GDP)","GC.DOD.TOTL.GD.ZS","","","","","","","","","","","","","","","","","","","","","","","","","","","","","","","","","","","","","","","","","","","","","","","","","","","","","","","","","","","","","",
"Honduras","HND","Central government debt, total (% of GDP)","GC.DOD.TOTL.GD.ZS","","","","","","","","","","","","","","","","","","","","","","","","","","","","","","","","","","","","","","","","","","","","","","","","","","","","","","","","","","","","","",
"Heavily indebted poor countries (HIPC)","HPC","Central government debt, total (% of GDP)","GC.DOD.TOTL.GD.ZS","","","","","","","","","","","","","","","","","","","","","","","","","","","","","","","","","","","","","","","","","","","","","","","","","","","","","","","","","","","","","",
"Croatia","HRV","Central government debt, total (% of GDP)","GC.DOD.TOTL.GD.ZS","","","","","","","","","","","","","","","","","","","","","","","","","","","","","","","","","","","","","","","","","","","","","","","","","","","","","","","","","","","","","",
"Haiti","HTI","Central government debt, total (% of GDP)","GC.DOD.TOTL.GD.ZS","","","","","","","","","","","","","","","","","","","","","","","","","","","","","","","","","","","","","","","","","","","","","","","","","","","","","","","","","","","","","",
"Hungary","HUN","Central government debt, total (% of GDP)","GC.DOD.TOTL.GD.ZS","","","","","","","","","","","","","","","","","","","","","","","","","","","","","","","","71.2275932588452","75.4756911822891","86.1135084926753","83.3187399925561","85.992334767359","74.8238105500958","67.0621287308027","63.8329711386333","66.3856366282032","60.8047611942673","59.0170403995142","58.713655995497","59.3667252174697","62.7110186964205","64.9063240885857","67.9689618884848","68.6480786295858","71.9873543967243","80.2299576419677","80.3669352530889","89.5576131236036","93.4059384440794","93.9626297253434","97.7188750241355","95.3124700803407","95.4654008951087","","","","",
"IBRD only","IBD","Central government debt, total (% of GDP)","GC.DOD.TOTL.GD.ZS","","","","","","","","","","","","","","","","","","","","","","","","","","","","","","","","","","","","","","","","","","","","","","","","","","","","","","","","","","","","","",
"IDA & IBRD total","IBT","Central government debt, total (% of GDP)","GC.DOD.TOTL.GD.ZS","","","","","","","","","","","","","","","","","","","","","","","","","","","","","","","","","","","","","","","","","","","","","","","","","","","","","","","","","","","","","",
"IDA total","IDA","Central government debt, total (% of GDP)","GC.DOD.TOTL.GD.ZS","","","","","","","","","","","","","","","","","","","","","","","","","","","","","","","","","","","","","","","","","","","","","","","","","","","","","","","","","","","","","",
"IDA blend","IDB","Central government debt, total (% of GDP)","GC.DOD.TOTL.GD.ZS","","","","","","","","","","","","","","","","","","","","","","","","","","","","","","","","","","","","","","","","","","","","","","","","","","","","","","","","","","","","","",
"Indonesia","IDN","Central government debt, total (% of GDP)","GC.DOD.TOTL.GD.ZS","","","","","","","","","","","","","","","","","","","","","","","","","","","","","","","45.7414523316285","40.2756295663842","42.7093574260874","37.4975968521644","36.5705901605804","30.8043248823304","23.92314220907","72.4853185253111","55.2040876648634","45.2079671076106","","","32.2241265309989","29.7173962466428","","","","","34.2250282105616","29.997306381567","26.1661592780012","24.8651446692594","25.0344008432508","27.7819272178664","27.4216121994064","30.309126137804","31.366190714778","","","","",
"IDA only","IDX","Central government debt, total (% of GDP)","GC.DOD.TOTL.GD.ZS","","","","","","","","","","","","","","","","","","","","","","","","","","","","","","","","","","","","","","","","","","","","","","","","","","","","","","","","","","","","","",
"Isle of Man","IMN","Central government debt, total (% of GDP)","GC.DOD.TOTL.GD.ZS","","","","","","","","","","","","","","","","","","","","","","","","","","","","","","","","","","","","","","","","","","","","","","","","","","","","","","","","","","","","","",
"India","IND","Central government debt, total (% of GDP)","GC.DOD.TOTL.GD.ZS","","","","","","","","","","","","","","","","","","","","","","","","","","","","","","","50.7832537948949","50.0100803583574","49.6809013594637","51.7598082886747","49.5942827032795","47.4916413020425","45.7233077028079","50.3654361263116","50.3192181732305","51.3529514384148","55.0042464956842","59.0179097968845","62.5527712950592","62.1900538962691","62.5929767433885","62.2265261005164","59.6667302759413","57.4975363893642","57.2922142809949","55.2564461120573","51.5919103004572","51.5565401539846","50.6780305618952","50.3118273627008","","","","","","","",
"Not classified","INX","Central government debt, total (% of GDP)","GC.DOD.TOTL.GD.ZS","","","","","","","","","","","","","","","","","","","","","","","","","","","","","","","","","","","","","","","","","","","","","","","","","","","","","","","","","","","","","",
"Ireland","IRL","Central government debt, total (% of GDP)","GC.DOD.TOTL.GD.ZS","","","","","","","","","","","","","","","","","","","","","","","","","","","","","","","","","","","","","","","60.0875186797786","49.2257643023467","38.9027901825165","35.0545052787811","33.7578378190564","32.4293906063179","30.9138796056877","30.788487597016","27.0425378520392","26.9733505659467","46.8075000260693","66.6970216539395","82.602457399111","112.471687802544","130.084311877557","131.578729853816","121.293079983429","88.521848466012","84.829553469801","","","","",
"Iran, Islamic Rep.","IRN","Central government debt, total (% of GDP)","GC.DOD.TOTL.GD.ZS","","","","","","","","","","","","","","","","","","","","","","","","","","","","","","","","","","","","","","","","","","","","","","","","","","","","","","","","","","","","","",
"Iraq","IRQ","Central government debt, total (% of GDP)","GC.DOD.TOTL.GD.ZS","","","","","","","","","","","","","","","","","","","","","","","","","","","","","","","","","","","","","","","","","","","","","","","","","","","","","","","","25.7368722825666","28.078286347398","","","","",
"Iceland","ISL","Central government debt, total (% of GDP)","GC.DOD.TOTL.GD.ZS","","","","","","","","","","","","","","","","","","","","","","","","","","","","","","","29.8694677887706","31.2681629246769","37.5923714647808","42.9971244448792","44.0383078792046","46.2750998108125","45.624488796567","68.3635195514181","63.2480917125178","59.2265118973647","58.4005058411394","60.5010377730781","56.4432222083515","54.5175092139523","48.2467536545861","38.179908721311","42.9037317051575","40.7822909412261","77.9389086221161","96.9238548239004","102.420154594979","109.350163633176","108.465525391513","","","","73.5278299561053","","","","",
"Israel","ISR","Central government debt, total (% of GDP)","GC.DOD.TOTL.GD.ZS","","","","","","","","","","","","","","","","","","","","","","","","","","","","","","","138.365029879699","123.293443930226","119.518376158027","117.154971558184","108.394855880148","104.342611148372","102.743940300224","97.2962201804636","98.2074007317079","91.48678666357","","","","","","","","","","","","","","","","","","","","","",
"Italy","ITA","Central government debt, total (% of GDP)","GC.DOD.TOTL.GD.ZS","","","","","","","","","","","","","","","","","","","","","","","","","","","","","","","","71.4230881304663","77.4636590311685","","","","","","","","","","","","","","","","","","","","","","","","","","","","",
"Jamaica","JAM","Central government debt, total (% of GDP)","GC.DOD.TOTL.GD.ZS","","","","","","","","","","","","","","","","","","","","","","","","","","","","","","","138.741327638319","232.832210578933","123.606951339215","112.197175107941","94.6607428923022","83.8611841763719","72.2521952357009","73.7000090787124","81.6705597000984","88.9636436472209","98.3341557109605","117.535033564029","127.777467033609","127.433255587593","122.008068595913","121.00247616654","117.698811478754","112.989990199089","120.339824591656","134.678769793404","136.224334891016","133.978459775192","137.934669887058","135.900468178003","132.427374548077","124.659191868551","122.6662661827","","","","",
"Jordan","JOR","Central government debt, total (% of GDP)","GC.DOD.TOTL.GD.ZS","","","","","","","","","","","","","","","","","","","","","","","","","","","","","","","128.799599970243","129.999661933739","152.590890012204","125.613252736486","116.419016312888","105.065237210427","106.221100182938","100.380576515134","101.17186762596","99.9159494888309","93.7150185142276","90.8256482983082","85.0745468121151","88.9180503307396","89.0247017437035","79.9519239759384","72.6251637040321","69.9589120189815","55.0660525784129","59.2214667137254","59.7710843198534","60.42177197003","65.3506139805649","73.723812162889","77.7139916154773","","74.0718607324365","","","","",
"Japan","JPN","Central government debt, total (% of GDP)","GC.DOD.TOTL.GD.ZS","","","","","","","","","","","","","","","","","","","","","","","","","","","","","","","52.8940705476198","38.8540514210138","39.6306840562215","42.8988210970924","56.0436832565129","61.735523177919","66.4992604699558","74.1426679210136","81.5738479937273","91.9963136854332","100.460883301121","104.441334212866","113.602204865169","124.032485792123","129.874172065938","130.462680450451","130.828972913551","134.218175238796","140.413434816734","158.874629469603","162.296406603406","177.960942881533","186.02541795533","188.88147596982","194.42805268197","197.284422677265","196.581694044783","","","","",
"Kazakhstan","KAZ","Central government debt, total (% of GDP)","GC.DOD.TOTL.GD.ZS","","","","","","","","","","","","","","","","","","","","","","","","","","","","","","","","","","","","","","","","","","","","","","","","","","","9.52296325134078","8.80131007226425","10.4981138465889","10.8406391538642","12.6469696266918","19.307916061599","16.7692758640144","","","","",
"Kenya","KEN","Central government debt, total (% of GDP)","GC.DOD.TOTL.GD.ZS","","","","","","","","","","","","","","","","","","","","","","","","","","","","","","","","","","","","","","","","","","","","","","","","","","","","","","","","","","","","","",
"Kyrgyz Republic","KGZ","Central government debt, total (% of GDP)","GC.DOD.TOTL.GD.ZS","","","","","","","","","","","","","","","","","","","","","","","","","","","","","","","","","","","","","","","","","","","","","","","","","","","","","","","53.8893270176244","72.4565575830671","60.4735108680683","","","","",
"Cambodia","KHM","Central government debt, total (% of GDP)","GC.DOD.TOTL.GD.ZS","","","","","","","","","","","","","","","","","","","","","","","","","","","","","","","","","","","","","","","","","","","","","","","","","","","","","","","","","","","","","",
"Kiribati","KIR","Central government debt, total (% of GDP)","GC.DOD.TOTL.GD.ZS","","","","","","","","","","","","","","","","","","","","","","","","","","","","","","","","","","","","","","","","","","","","","","","","","","","","","","","","","","","","","",
"St. Kitts and Nevis","KNA","Central government debt, total (% of GDP)","GC.DOD.TOTL.GD.ZS","","","","","","","","","","","","","","","","","","","","","","","","","","","","","","","","","","","","","","","","","","","79.2688095806907","92.3085420315927","90.828054331704","92.3212291448103","84.6595513561046","97.046322814295","95.7388590613953","104.312534976204","107.436929343325","105.318961027197","99.8833937958096","69.9085732935225","59.902696455775","","","","","","",
"Korea, Rep.","KOR","Central government debt, total (% of GDP)","GC.DOD.TOTL.GD.ZS","","","","","","","","","","","","","","","","","","","","","","","","","","","","","","","7.44280156883706","10.242860165184","9.99384594985674","9.20041893348368","8.1789368617001","7.21688976925724","6.86298018400292","8.6798604727881","","","","","","","","","","","","","","","32.4090205799357","34.9298593014974","36.5002640215506","37.4929571097141","38.0655141568922","","","","",
"Kuwait","KWT","Central government debt, total (% of GDP)","GC.DOD.TOTL.GD.ZS","","","","","","","","","","","","","","","","","","","","","","","","","","","","","","","","","","","","","","","","","","","","","","","","","","","","","","","","","","","","","",
"Latin America & Caribbean (excluding high income)","LAC","Central government debt, total (% of GDP)","GC.DOD.TOTL.GD.ZS","","","","","","","","","","","","","","","","","","","","","","","","","","","","","","","","","","","","","","","","","","","","","","","","","","","","","","","","","","","","","",
"Lao PDR","LAO","Central government debt, total (% of GDP)","GC.DOD.TOTL.GD.ZS","","","","","","","","","","","","","","","","","","","","","","","","","","","","","","","","","","","","","","","","","","","","","","","","","","","","","","","","","","","","","",
"Lebanon","LBN","Central government debt, total (% of GDP)","GC.DOD.TOTL.GD.ZS","","","","","","","","","","","","","","","","","","","","","","","","","","","","","","","","","","","","","","96.9088659793814","106.957053807029","128.641269114899","","","","","","","","","","","","","","","","","","","","","",
"Liberia","LBR","Central government debt, total (% of GDP)","GC.DOD.TOTL.GD.ZS","","","","","","","","","","","","","","","","","","","","","","","","","","","","","","","","","","","","","","","","","","","","","","","","","","","","21.7306088407006","20.8452774715178","","","","","","","","",
"Libya","LBY","Central government debt, total (% of GDP)","GC.DOD.TOTL.GD.ZS","","","","","","","","","","","","","","","","","","","","","","","","","","","","","","","","","","","","","","","","","","","","","","","","","","","","","","","","","","","","","",
"St. Lucia","LCA","Central government debt, total (% of GDP)","GC.DOD.TOTL.GD.ZS","","","","","","","","","","","","","","","","","","","","","","","","","","","","","","","","","","","","","","","","","30.8776806989674","40.0705394190871","50.0329218106996","48.5183795948987","49.5833333333333","52.0352250489237","47.1957374440562","45.2980532065982","41.6345301264286","43.3977023635892","45.7221525523083","49.5318232805065","55.1277611326325","56.9229597331723","57.5776434686772","","","","","","",
"Latin America & Caribbean","LCN","Central government debt, total (% of GDP)","GC.DOD.TOTL.GD.ZS","","","","","","","","","","","","","","","","","","","","","","","","","","","","","","","","","","","","","","","","","","","","","","","","","","","","","","","","","","","","","",
"Least developed countries: UN classification","LDC","Central government debt, total (% of GDP)","GC.DOD.TOTL.GD.ZS","","","","","","","","","","","","","","","","","","","","","","","","","","","","","","","","","","","","","","","","","","","","","","","","","","","","","","","","","","","","","",
"Low income","LIC","Central government debt, total (% of GDP)","GC.DOD.TOTL.GD.ZS","","","","","","","","","","","","","","","","","","","","","","","","","","","","","","","","","","","","","","","","","","","","","","","","","","","","","","","","","","","","","",
"Liechtenstein","LIE","Central government debt, total (% of GDP)","GC.DOD.TOTL.GD.ZS","","","","","","","","","","","","","","","","","","","","","","","","","","","","","","","","","","","","","","","","","","","","","","","","","","","","","","","","","","","","","",
"Sri Lanka","LKA","Central government debt, total (% of GDP)","GC.DOD.TOTL.GD.ZS","","","","","","","","","","","","","","","","","","","","","","","","","","","","","","","96.5806255127663","98.4833957754233","95.3619119503954","96.7978140982655","94.8553232346257","94.6498205974494","92.343984335944","86.105931670321","89.1958239111343","95.1081546127673","96.9040326453759","103.219274149885","105.524990754701","102.270712023476","102.328536698869","90.6049131149854","88.6994841221229","84.9944169483341","","86.063491912486","71.585318439823","71.1081093769161","68.710394650639","70.8211060610562","71.332798378903","77.6503941209344","","","","","",
"Lower middle income","LMC","Central government debt, total (% of GDP)","GC.DOD.TOTL.GD.ZS","","","","","","","","","","","","","","","","","","","","","","","","","","","","","","","","","","","","","","","","","","","","","","","","","","","","","","","","","","","","","",
"Low & middle income","LMY","Central government debt, total (% of GDP)","GC.DOD.TOTL.GD.ZS","","","","","","","","","","","","","","","","","","","","","","","","","","","","","","","","","","","","","","","","","","","","","","","","","","","","","","","","","","","","","",
"Lesotho","LSO","Central government debt, total (% of GDP)","GC.DOD.TOTL.GD.ZS","","","","","","","","","","","","","","","","","","","","","","","","","","","","","","","","","","","","","","","","","","","","","","","","","","","","","","","","","","","","","",
"Late-demographic dividend","LTE","Central government debt, total (% of GDP)","GC.DOD.TOTL.GD.ZS","","","","","","","","","","","","","","","","","","","","","","","","","","","","","","","","","","","","","","","","","","","","","","","","","","","","","","","","","","","","","",
"Lithuania","LTU","Central government debt, total (% of GDP)","GC.DOD.TOTL.GD.ZS","","","","","","","","","","","","","","","","","","","","","","","","","","","","","","","","","","","","","","","","","","","","","","","","","","","","","","","","","","","","","",
"Luxembourg","LUX","Central government debt, total (% of GDP)","GC.DOD.TOTL.GD.ZS","","","","","","","","","","","","","","","","","","","","","","","","","","","","","","","2.43434946546257","1.88995382467153","2.53287327094196","2.80255426204079","","","","","","","","","","","","","","","","","","","","","","","","","","","",
"Latvia","LVA","Central government debt, total (% of GDP)","GC.DOD.TOTL.GD.ZS","","","","","","","","","","","","","","","","","","","","","","","","","","","","","","","","","","","9.02152038159077","","","","","","","","","","","","","","","","","","","","","","","","","","",
"Macao SAR, China","MAC","Central government debt, total (% of GDP)","GC.DOD.TOTL.GD.ZS","","","","","","","","","","","","","","","","","","","","","","","","","","","","","","","","","","","","","","","","","","","","","","","","","","","","","","","","","","","","","",
"St. Martin (French part)","MAF","Central government debt, total (% of GDP)","GC.DOD.TOTL.GD.ZS","","","","","","","","","","","","","","","","","","","","","","","","","","","","","","","","","","","","","","","","","","","","","","","","","","","","","","","","","","","","","",
"Morocco","MAR","Central government debt, total (% of GDP)","GC.DOD.TOTL.GD.ZS","","","","","","","","","","","","","","","","","","","","","","","","","","","","","","","87.1967599759139","62.0674162757784","70.9378689831812","74.12313156115","69.8259155220588","68.3949152787535","","64.4624151446094","61.1859346067606","61.6171338240012","","","54.0303385454133","","","59.2699927731566","54.80562992585","50.9355551094158","45.4427659043265","47.5036306769826","50.9624992353025","55.6277203238232","","","","","","","","","",
"Monaco","MCO","Central government debt, total (% of GDP)","GC.DOD.TOTL.GD.ZS","","","","","","","","","","","","","","","","","","","","","","","","","","","","","","","","","","","","","","","","","","","","","","","","","","","","","","","","","","","","","",
"Moldova","MDA","Central government debt, total (% of GDP)","GC.DOD.TOTL.GD.ZS","","","","","","","","","","","","","","","","","","","","","","","","","","","","","","","","","","","","37.6286611371025","40.1231820920436","48.0869353115827","82.8327822731422","77.8984533931353","73.0188685605433","60.7746432557048","59.5592506390136","52.5337629892465","51.9542957042957","32.4251035801551","29.1792912365375","23.239565787011","18.4425161310829","27.6322264363496","21.9325613610474","19.7666738542045","20.3471393261885","19.9179521087551","20.8265355816666","21.2695199753568","31.8856692606523","","","","",
"Madagascar","MDG","Central government debt, total (% of GDP)","GC.DOD.TOTL.GD.ZS","","","","","","","","","","","","","","","","","","","","","","","","","","","","","","","","","","","","","","","","","","","","","","","","","","","","","","","","","","","","","",
"Maldives","MDV","Central government debt, total (% of GDP)","GC.DOD.TOTL.GD.ZS","","","","","","","","","","","","","","","","","","","","","","","","","","","","","","","30.7823377634974","35.5734695506425","41.6154638148062","45.5515611288816","44.2117002448663","47.3520580907562","43.0352763629504","39.670387725631","40.9867359654762","40.126298421858","40.8644099852265","31.2308703408131","33.5908378331301","30.3523770936084","27.2730426643921","33.9271150397616","29.5408843071306","29.1842777540108","30.3431523048305","46.1935516743923","54.8854181471638","57.2981206101706","","","","","","","","","",
"Middle East & North Africa","MEA","Central government debt, total (% of GDP)","GC.DOD.TOTL.GD.ZS","","","","","","","","","","","","","","","","","","","","","","","","","","","","","","","","","","","","","","","","","","","","","","","","","","","","","","","","","","","","","",
"Mexico","MEX","Central government debt, total (% of GDP)","GC.DOD.TOTL.GD.ZS","","","","","","","","","","","","","","","","","","","","","","","","","","","","","","","46.6268573934833","38.2182364854974","28.1470540238128","20.3751277473288","28.1564317988895","32.4583813750253","25.166017817526","20.6491358972825","22.2436286767288","20.485055142091","19.0694868180981","","","","","","","","","","","","","","","","","","","","",
"Marshall Islands","MHL","Central government debt, total (% of GDP)","GC.DOD.TOTL.GD.ZS","","","","","","","","","","","","","","","","","","","","","","","","","","","","","","","","","","","","","","","","","","","","","","","","","62.5004296839798","64.8218011683268","64.9282951221813","52.6778940883521","48.6065176831362","42.0613231018063","49.8745570267936","47.2545503890583","48.8868741473805","","","","",
"Middle income","MIC","Central government debt, total (% of GDP)","GC.DOD.TOTL.GD.ZS","","","","","","","","","","","","","","","","","","","","","","","","","","","","","","","","","","","","","","","","","","","","","","","","","","","","","","","","","","","","","",
"North Macedonia","MKD","Central government debt, total (% of GDP)","GC.DOD.TOTL.GD.ZS","","","","","","","","","","","","","","","","","","","","","","","","","","","","","","","","","","","","","","","","","","","","","","","","","","","","","","","","","","","","","",
"Mali","MLI","Central government debt, total (% of GDP)","GC.DOD.TOTL.GD.ZS","","","","","","","","","","","","","","","","","","","","","","","","","","","","","","","","","","","","","","","","","","","","","","","","","","","","","","","","","","","","","",
"Malta","MLT","Central government debt, total (% of GDP)","GC.DOD.TOTL.GD.ZS","","","","","","","","","","","","","","","","","","","","","","","","","","","","","","","46.911699356094","52.9265857269406","56.8779064413714","66.640517062744","69.8052683972446","","","","","","","","","","","","","","","","","","","","","","","","","","",
"Myanmar","MMR","Central government debt, total (% of GDP)","GC.DOD.TOTL.GD.ZS","","","","","","","","","","","","","","","","","","","","","","","","","","","","","","","","","","","","","","","","","","","","","","","","","","","","","","","","","","","","","",
"Middle East & North Africa (excluding high income)","MNA","Central government debt, total (% of GDP)","GC.DOD.TOTL.GD.ZS","","","","","","","","","","","","","","","","","","","","","","","","","","","","","","","","","","","","","","","","","","","","","","","","","","","","","","","","","","","","","",
"Montenegro","MNE","Central government debt, total (% of GDP)","GC.DOD.TOTL.GD.ZS","","","","","","","","","","","","","","","","","","","","","","","","","","","","","","","","","","","","","","","","","","","","","","","","","","","","","","","","","","","","","",
"Mongolia","MNG","Central government debt, total (% of GDP)","GC.DOD.TOTL.GD.ZS","","","","","","","","","","","","","","","","","","","","","","","","","","","","","","","","","20.621673383358","41.4415301033198","51.434529837839","37.0712826765271","49.4796320305737","54.6275786922475","71.5753340452053","83.9144976966664","78.41832770873","69.0997980938579","","95.7255313439215","","","50.4944776193297","43.5140123874587","","59.507115138108","","","","","","","","","","","",
"Northern Mariana Islands","MNP","Central government debt, total (% of GDP)","GC.DOD.TOTL.GD.ZS","","","","","","","","","","","","","","","","","","","","","","","","","","","","","","","","","","","","","","","","","","","","","","","","","","","","","","","","","","","","","",
"Mozambique","MOZ","Central government debt, total (% of GDP)","GC.DOD.TOTL.GD.ZS","","","","","","","","","","","","","","","","","","","","","","","","","","","","","","","","","","","","","","","","","","","","","","","","","","","","","","","","","","","","","",
"Mauritania","MRT","Central government debt, total (% of GDP)","GC.DOD.TOTL.GD.ZS","","","","","","","","","","","","","","","","","","","","","","","","","","","","","","","","","","","","","","","","","","","","","","","","","","","","","","","","","","","","","",
"Mauritius","MUS","Central government debt, total (% of GDP)","GC.DOD.TOTL.GD.ZS","","","","","","","","","","","","","","","","","","","","","","","","","","","","","","","39.650354969574","39.9249411464254","31.9560090496516","30.2257647898028","31.1625445386685","32.8686059430308","35.7506763503128","35.8235591774207","33.5950566069207","31.4104722423048","32.1174433121121","30.1952878006227","39.8174938166736","44.7373479847505","39.0633699371909","41.6926948302421","38.0288957688338","34.6934497337497","33.6988749498688","36.5564718463374","36.7873761596586","35.5204190571818","36.5088808021811","","","","","","","","",
"Malawi","MWI","Central government debt, total (% of GDP)","GC.DOD.TOTL.GD.ZS","","","","","","","","","","","","","","","","","","","","","","","","","","","","","","","","","","","","","","","","","","","","","","","","","","29.2734146419207","28.0301095494911","27.4257346508333","41.4204771686525","36.2569334751656","40.6328150545127","39.5422371324465","55.1578705122511","48.659564238322","","","",
"Malaysia","MYS","Central government debt, total (% of GDP)","GC.DOD.TOTL.GD.ZS","","","","","","","","","","","","","","","","","","","","","","","","","","","","","","","79.5366179323318","73.3193215120926","64.3772978856134","55.6918359524722","47.6197297670635","41.0697028403447","","","","","","","43.047339208221","45.0766412986635","45.6966383151073","42.0675597614326","40.5883961366256","40.0881257702829","39.7997028374607","50.8357455983458","49.5598230655171","50.0286816425423","51.6464316160996","52.9992519246741","52.6758487332831","53.5744697326154","51.8905275342534","","","","",
"North America","NAC","Central government debt, total (% of GDP)","GC.DOD.TOTL.GD.ZS","","","","","","","","","","","","","","","","","","","","","","","","","","","","","","39.128400199944","40.933943570707","44.0615972806026","46.0501444176036","48.2461403335599","47.3534821707435","47.2095352870886","46.7417685500108","44.1174698332784","41.1291489790385","37.7292772729571","33.263120248676","15.1658484819226","53.831020656133","56.2416463518739","56.6783896767545","56.5499612625269","55.4711368300526","55.7459714474528","64.0622298869459","76.1779363289699","85.4642738610747","90.0547850215033","94.163413471203","96.0756025370965","96.3424846931573","96.8191887999694","98.9759928287806","","","","",
"Namibia","NAM","Central government debt, total (% of GDP)","GC.DOD.TOTL.GD.ZS","","","","","","","","","","","","","","","","","","","","","","","","","","","","","","","","","","","","","","","","","","","","","","","","","16.9935714485796","15.8082771032135","16.9449717307022","23.1056935631209","20.6630598051069","24.3840166437634","23.8996186358754","","","","","","",
"New Caledonia","NCL","Central government debt, total (% of GDP)","GC.DOD.TOTL.GD.ZS","","","","","","","","","","","","","","","","","","","","","","","","","","","","","","","","","","","","","","","","","","","","","","","","","","","","","","","","","","","","","",
"Niger","NER","Central government debt, total (% of GDP)","GC.DOD.TOTL.GD.ZS","","","","","","","","","","","","","","","","","","","","","","","","","","","","","","","","","","","","","","","","","","","","","","","","","","","","","","","","","","","","","",
"Nigeria","NGA","Central government debt, total (% of GDP)","GC.DOD.TOTL.GD.ZS","","","","","","","","","","","","","","","","","","","","","","","","","","","","","","","","","","","","","","","","","","","","","","","","","","","","","","","","","","","","","",
"Nicaragua","NIC","Central government debt, total (% of GDP)","GC.DOD.TOTL.GD.ZS","","","","","","","","","","","","","","","","","","","","","","","","","","","","","","","","","","","","","","","","","","","","","","","","","","","","","","","","","","","","","",
"Netherlands","NLD","Central government debt, total (% of GDP)","GC.DOD.TOTL.GD.ZS","","","","","","","","","","","","","","","","","","","","","","","","","","","","","","","54.80317756254","55.2895619055443","56.0887318613016","56.5313878799914","54.294442653549","","","","","","","","","","","","","","","","","","","","","","","","","","",
"Norway","NOR","Central government debt, total (% of GDP)","GC.DOD.TOTL.GD.ZS","","","","","","","","","","","","","","","","","","","","","","","","","","","","","","","19.8470381137812","18.5942813892647","22.342831631806","31.5607902735562","30.751981347305","","","","","","","","","","","","","","","","","","","","","","","","","","",
"Nepal","NPL","Central government debt, total (% of GDP)","GC.DOD.TOTL.GD.ZS","","","","","","","","","","","","","","","","","","","","","","","","","","","","","","","52.6205809545912","64.911430440788","61.6569229882709","63.6815382338544","66.5412100044161","66.1836432074826","65.1978803839092","59.8824296913156","66.3514434343267","64.0681097896128","64.5733198414706","58.9891415877141","63.9354609821022","62.5881953798115","59.4156672858263","51.7646230480547","49.6869680346867","42.9786611378803","43.799987249558","","33.8625212320188","","","","","","","","","","",
"Nauru","NRU","Central government debt, total (% of GDP)","GC.DOD.TOTL.GD.ZS","","","","","","","","","","","","","","","","","","","","","","","","","","","","","","","","","","","","","","","","","","","","","","","","","","","","","","","","","","","","","",
"New Zealand","NZL","Central government debt, total (% of GDP)","GC.DOD.TOTL.GD.ZS","","","","","","","","","","","","","","","","","","","","","","","","","","","","","","","","","","","","","","","","","","","32.7763842551838","48.2453384728239","43.8675166117793","44.1698490827743","42.9255368597193","36.9399310684392","36.0529868376645","31.9539885321337","34.89036823715","48.3613937047004","51.8181391927921","46.5431902852797","44.2292376485355","43.4330873453734","42.3389591993728","","","","",
"OECD members","OED","Central government debt, total (% of GDP)","GC.DOD.TOTL.GD.ZS","","","","","","","","","","","","","","","","","","","","","","","","","","","","","","","37.7692514066407","39.3060522391773","41.0209495186653","40.6322781051932","43.5206000191196","45.6503941613331","46.3534541541335","46.5474354409005","47.141172506885","45.4438730110466","","","","","","","","","","","","","","","","","","","","","",
"Oman","OMN","Central government debt, total (% of GDP)","GC.DOD.TOTL.GD.ZS","","","","","","","","","","","","","","","","","","","","","","","","","","","","","","","","","","","","","","","","","","","","","","","","","","","","","","","","","","","","","",
"Other small states","OSS","Central government debt, total (% of GDP)","GC.DOD.TOTL.GD.ZS","","","","","","","","","","","","","","","","","","","","","","","","","","","","","","","","","","","","","","","","","","","","","","","","","","","","","","","","","","","","","",
"Pakistan","PAK","Central government debt, total (% of GDP)","GC.DOD.TOTL.GD.ZS","","","","","","","","","","","","","","","","","","","","","","","","","","","","","","","78.7725350870327","76.0908289241623","74.5285767943305","78.910190522119","","","","","79.0846919843326","","66.7525020661532","","","","","","","","","","","","","","","","","","","","",
"Panama","PAN","Central government debt, total (% of GDP)","GC.DOD.TOTL.GD.ZS","","","","","","","","","","","","","","","","","","","","","","","","","","","","","","","","","","","","","","","","","","","","","","","","","","","","","","","","","","","","","",
"Peru","PER","Central government debt, total (% of GDP)","GC.DOD.TOTL.GD.ZS","","","","","","","","","","","","","","","","","","","","","","","","","","","","","","","189.246285557587","78.2167512063909","80.142729037233","70.6160984544118","55.4915347082036","","","","","","","","","","","","32.5394575436311","28.5288183926826","26.076322347553","26.4008658753596","23.6817913396941","20.7202165724133","19.2166594587652","18.3944203835345","19.3436563312777","22.5785735658227","23.1832496081886","","","","",
"Philippines","PHL","Central government debt, total (% of GDP)","GC.DOD.TOTL.GD.ZS","","","","","","","","","","","","","","","","","","","","","","","","","","","","","","","51.3017098372967","49.6981196479839","52.7731308807089","67.1312896883395","56.4165010762393","61.0637419325051","53.1896173066989","55.6537713305447","60.1252652101889","54.5186948134479","58.598433117411","59.2614955783056","64.715074553291","71.1158091036307","71.6007252032252","65.7097431233166","58.7978739921016","51.5748916279875","52.4322709324654","52.4006931344165","50.1962414764938","48.8058481254572","49.1574552067049","47.1441818576352","43.426338941462","","","","","","",
"Palau","PLW","Central government debt, total (% of GDP)","GC.DOD.TOTL.GD.ZS","","","","","","","","","","","","","","","","","","","","","","","","","","","","","","","","","","","","","","","","","","","","","","","","","23.5870748961464","24.2540645724147","32.7515055689109","25.7492274432472","27.2718587480661","23.2213803358581","21.8773371765938","63.4647652747634","68.7028397772155","","","","",
"Papua New Guinea","PNG","Central government debt, total (% of GDP)","GC.DOD.TOTL.GD.ZS","","","","","","","","","","","","","","","","","","","","","","","","","","","","","","","48.9532540146935","46.6108276015088","44.8643144683874","44.3261901337552","53.5450156411045","53.6620013882835","55.6433690965017","62.4046556302616","66.3501460864216","63.5373009220453","57.7415312557776","68.2675567269125","69.7344601261207","","","","","","","","","","","","26.8946120019845","29.8753777260463","","","","","",
"Poland","POL","Central government debt, total (% of GDP)","GC.DOD.TOTL.GD.ZS","","","","","","","","","","","","","","","","","","","","","","","","","","","","","","","","","","","60.4543984704576","","","","","","","","","","","","","","","","","","","","","","","","","","",
"Pre-demographic dividend","PRE","Central government debt, total (% of GDP)","GC.DOD.TOTL.GD.ZS","","","","","","","","","","","","","","","","","","","","","","","","","","","","","","","","","","","","","","","","","","","","","","","","","","","","","","","","","","","","","",
"Puerto Rico","PRI","Central government debt, total (% of GDP)","GC.DOD.TOTL.GD.ZS","","","","","","","","","","","","","","","","","","","","","","","","","","","","","","","","","","","","","","","","","","","","","","","","","","","","","","","","","","","","","",
"Korea, Dem. People’s Rep.","PRK","Central government debt, total (% of GDP)","GC.DOD.TOTL.GD.ZS","","","","","","","","","","","","","","","","","","","","","","","","","","","","","","","","","","","","","","","","","","","","","","","","","","","","","","","","","","","","","",
"Portugal","PRT","Central government debt, total (% of GDP)","GC.DOD.TOTL.GD.ZS","","","","","","","","","","","","","","","","","","","","","","","","","","","","","","","","","","8.24573773536288","5.6574045702943","","","","","","","","","","","","","","","","","","","","","","","","","","",
"Paraguay","PRY","Central government debt, total (% of GDP)","GC.DOD.TOTL.GD.ZS","","","","","","","","","","","","","","","","","","","","","","","","","","","","","","","","","","","","","","","","","","","","","","","","","","","","","","","","","","","","","",
"West Bank and Gaza","PSE","Central government debt, total (% of GDP)","GC.DOD.TOTL.GD.ZS","","","","","","","","","","","","","","","","","","","","","","","","","","","","","","","","","","","","","","","","","","","","","","","","","","","","","","","","","","","","","",
"Pacific island small states","PSS","Central government debt, total (% of GDP)","GC.DOD.TOTL.GD.ZS","","","","","","","","","","","","","","","","","","","","","","","","","","","","","","","","","","","","","","","","","","","","","","","","","","","","","","","","","","","","","",
"Post-demographic dividend","PST","Central government debt, total (% of GDP)","GC.DOD.TOTL.GD.ZS","","","","","","","","","","","","","","","","","","","","","","","","","","","","","","","37.225990641494","39.2072745341551","41.2918142958625","41.0689230943012","43.573513022374","46.0316644193534","46.9656850430581","47.193590640473","48.4799702275866","46.4668716022218","","","","","","","","","","","","","","","","","","","","","",
"French Polynesia","PYF","Central government debt, total (% of GDP)","GC.DOD.TOTL.GD.ZS","","","","","","","","","","","","","","","","","","","","","","","","","","","","","","","","","","","","","","","","","","","","","","","","","","","","","","","","","","","","","",
"Qatar","QAT","Central government debt, total (% of GDP)","GC.DOD.TOTL.GD.ZS","","","","","","","","","","","","","","","","","","","","","","","","","","","","","","","","","","","","","","","","","","","","","","","","","","","","","","","","","","","","","",
"Romania","ROU","Central government debt, total (% of GDP)","GC.DOD.TOTL.GD.ZS","","","","","","","","","","","","","","","","","","","","","","","","","","","","","","","","","","","","","","","","","","","","","","","","","","","","","","","","","","","","","",
"Russian Federation","RUS","Central government debt, total (% of GDP)","GC.DOD.TOTL.GD.ZS","","","","","","","","","","","","","","","","","","","","","","","","","","","","","","","","","","","","","","","143.948999533393","100.744137724205","62.1488888669576","48.9836153351704","41.3527168644107","","","16.660868447567","9.89107286043072","7.15843011662711","6.49528743788997","8.69786633508402","9.09810564475071","8.64108194430582","8.55140859340356","9.06725564048848","11.2004612827286","13.5407657768558","14.2417395793548","","","","",
"Rwanda","RWA","Central government debt, total (% of GDP)","GC.DOD.TOTL.GD.ZS","","","","","","","","","","","","","","","","","","","","","","","","","","","","","","","49.7969202729087","47.8601030997282","48.4289742567034","","","","","","","","","","","","","","","","","","","","","","","","","","","","",
"South Asia","SAS","Central government debt, total (% of GDP)","GC.DOD.TOTL.GD.ZS","","","","","","","","","","","","","","","","","","","","","","","","","","","","","","","54.8663444079039","54.0803418488817","53.5320258547655","55.823325428869","51.0870053569937","49.0601946714798","47.2893333608364","51.4958321698661","54.4045012820036","52.7549097182764","57.3838888591126","58.3632266383945","61.6467532849678","61.1820360352561","63.7297325482229","62.9686766890519","60.4286337255421","58.1654124460054","57.1374256155169","56.1829462788888","52.0415917156852","52.1680532110211","51.2469604842386","50.9779050508687","","","","","","","",
"Saudi Arabia","SAU","Central government debt, total (% of GDP)","GC.DOD.TOTL.GD.ZS","","","","","","","","","","","","","","","","","","","","","","","","","","","","","","","","","","","","","","","","","","","","","","","","","","","","","","","","","","","","","",
"Sudan","SDN","Central government debt, total (% of GDP)","GC.DOD.TOTL.GD.ZS","","","","","","","","","","","","","","","","","","","","","","","","","","","","","","","","","","","","","","","","","","","","","","","","","","","","","","","","","","","","","",
"Senegal","SEN","Central government debt, total (% of GDP)","GC.DOD.TOTL.GD.ZS","","","","","","","","","","","","","","","","","","","","","","","","","","","","","","","","","","","","","","","","","","","","","","","","","","","","","","","","","","","","","",
"Singapore","SGP","Central government debt, total (% of GDP)","GC.DOD.TOTL.GD.ZS","","","","","","","","","","","","","","","","","","","","","","","","","","","","","","","77.855311856756","78.97732191875","81.8827558107494","72.8796371846888","70.2818345454772","72.7804903132088","72.735334061978","71.3607292667242","82.599116639914","87.8603784550691","83.842291725532","93.9363125102557","106.332540928351","108.589983770079","101.779018993689","94.9666937754733","82.8374805427534","77.2760743035509","96.4099647516113","106.372468302322","101.449782417951","104.78518384861","107.828093624626","99.4464888561159","99.6097986729595","103.320839751929","109.197506171167","","","","",
"Solomon Islands","SLB","Central government debt, total (% of GDP)","GC.DOD.TOTL.GD.ZS","","","","","","","","","","","","","","","","","","","","","","","","","","","","","","","","","","","","","","","","","","","","","","","","","","","","14.1116774819893","11.536197505611","10.1148695481762","8.72060539859726","6.74198929698334","6.2638162631019","","","","",
"Sierra Leone","SLE","Central government debt, total (% of GDP)","GC.DOD.TOTL.GD.ZS","","","","","","","","","","","","","","","","","","","","","","","","","","","","","","","","","","","","","","","","","","","","","","","","","","","","","","","","","","","","","",
"El Salvador","SLV","Central government debt, total (% of GDP)","GC.DOD.TOTL.GD.ZS","","","","","","","","","","","","","","","","","","","","","","","","","","","","","","","","","","","","","","","24.6529338880384","28.1906634561591","27.376408936306","35.370552538118","62.446945384262","57.9112234090821","56.5005963032977","56.215806320443","50.5122336368588","48.4823699129053","48.4269376195663","58.1469205675387","57.4942866187624","54.5625440820478","","62.3992484187828","50.8379319332391","51.2784032678648","52.0656346470487","","","","",
"San Marino","SMR","Central government debt, total (% of GDP)","GC.DOD.TOTL.GD.ZS","","","","","","","","","","","","","","","","","","","","","","","","","","","","","","","","","","","","","","","","","","","12.7348281481481","26.5286653982985","31.9233677947788","39.3423254303621","47.7656117606838","47.4509601321227","46.8685383304774","46.6074007324324","54.9724926638478","44.8293754612433","51.2177218791033","54.0230135522152","","56.9302290727428","57.3280875334167","","","","",
"Somalia","SOM","Central government debt, total (% of GDP)","GC.DOD.TOTL.GD.ZS","","","","","","","","","","","","","","","","","","","","","","","","","","","","","","","","","","","","","","","","","","","","","","","","","","","","","","","","","","","","","",
"Serbia","SRB","Central government debt, total (% of GDP)","GC.DOD.TOTL.GD.ZS","","","","","","","","","","","","","","","","","","","","","","","","","","","","","","","","","","","","","","","","","","","","","","","","","","","","","","","","","","","","","",
"Sub-Saharan Africa (excluding high income)","SSA","Central government debt, total (% of GDP)","GC.DOD.TOTL.GD.ZS","","","","","","","","","","","","","","","","","","","","","","","","","","","","","","","","","","","","","","","","","","","","","","","","","","","","","","","","","","","","","",
"South Sudan","SSD","Central government debt, total (% of GDP)","GC.DOD.TOTL.GD.ZS","","","","","","","","","","","","","","","","","","","","","","","","","","","","","","","","","","","","","","","","","","","","","","","","","","","","","","","","","","","","","",
"Sub-Saharan Africa","SSF","Central government debt, total (% of GDP)","GC.DOD.TOTL.GD.ZS","","","","","","","","","","","","","","","","","","","","","","","","","","","","","","","","","","","","","","","","","","","","","","","","","","","","","","","","","","","","","",
"Small states","SST","Central government debt, total (% of GDP)","GC.DOD.TOTL.GD.ZS","","","","","","","","","","","","","","","","","","","","","","","","","","","","","","","","","","","","","","","","","","","","","","","","","","","","","","","","","","","","","",
"Sao Tome and Principe","STP","Central government debt, total (% of GDP)","GC.DOD.TOTL.GD.ZS","","","","","","","","","","","","","","","","","","","","","","","","","","","","","","","","","","","","","","","","","","","","","","","","","","","","","","","","","","","","","",
"Suriname","SUR","Central government debt, total (% of GDP)","GC.DOD.TOTL.GD.ZS","","","","","","","","","","","","","","","","","","","","","","","","","","","","","","","","","","","","","","","","","","","","","","","","","","","","","","","","","","","","","",
"Slovak Republic","SVK","Central government debt, total (% of GDP)","GC.DOD.TOTL.GD.ZS","","","","","","","","","","","","","","","","","","","","","","","","","","","","","","","","","","","","","","","","","","","","","","","","","","","","","","","","","","","","","",
"Slovenia","SVN","Central government debt, total (% of GDP)","GC.DOD.TOTL.GD.ZS","","","","","","","","","","","","","","","","","","","","","","","","","","","","","","","","","","20.1890852359822","17.6941943386084","","","","","","","","","","","","","","","","","","","","","","","","","","",
"Sweden","SWE","Central government debt, total (% of GDP)","GC.DOD.TOTL.GD.ZS","","","","","","","","","","","","","","","","","","","","","","","","","","","","","","","","","","","","","","","","","","","","","","","","","","","","","","","","","","","","","",
"Eswatini","SWZ","Central government debt, total (% of GDP)","GC.DOD.TOTL.GD.ZS","","","","","","","","","","","","","","","","","","","","","","","","","","","","","","","","","","","","","","","","","","","","","","","","","","","","","","","","","","","","","",
"Sint Maarten (Dutch part)","SXM","Central government debt, total (% of GDP)","GC.DOD.TOTL.GD.ZS","","","","","","","","","","","","","","","","","","","","","","","","","","","","","","","","","","","","","","","","","","","","","","","","","","","","","","","","","","","","","",
"Seychelles","SYC","Central government debt, total (% of GDP)","GC.DOD.TOTL.GD.ZS","","","","","","","","","","","","","","","","","","","","","","","","","","","","","","","","","","","","","","","","","","","","","","","","","176.92433805069","100.445570307955","75.3534158588627","78.8413155501667","78.1418056718111","51.5506298157061","68.83635968787","63.3403933800613","","","","","",
"Syrian Arab Republic","SYR","Central government debt, total (% of GDP)","GC.DOD.TOTL.GD.ZS","","","","","","","","","","","","","","","","","","","","","","","","","","","","","","","","","","","","","","","","","","","","","","","","","","","","","","","","","","","","","",
"Turks and Caicos Islands","TCA","Central government debt, total (% of GDP)","GC.DOD.TOTL.GD.ZS","","","","","","","","","","","","","","","","","","","","","","","","","","","","","","","","","","","","","","","","","","","","","","","","","","","","","","","","","","","","","",
"Chad","TCD","Central government debt, total (% of GDP)","GC.DOD.TOTL.GD.ZS","","","","","","","","","","","","","","","","","","","","","","","","","","","","","","","","","","","","","","","","","","","","","","","","","","","","","","","","","","","","","",
"East Asia & Pacific (IDA & IBRD countries)","TEA","Central government debt, total (% of GDP)","GC.DOD.TOTL.GD.ZS","","","","","","","","","","","","","","","","","","","","","","","","","","","","","","","","","","","","","","","","","","","","","","","","","","","","","","","","","","","","","",
"Europe & Central Asia (IDA & IBRD countries)","TEC","Central government debt, total (% of GDP)","GC.DOD.TOTL.GD.ZS","","","","","","","","","","","","","","","","","","","","","","","","","","","","","","","","","","","","","","","","","","","","","","","","","17.4922623111544","22.3728203262827","21.4017225564038","20.6667026137466","19.8191418105026","18.2997359409155","20.8096036472034","22.547523408968","23.9479365024006","","","","",
"Togo","TGO","Central government debt, total (% of GDP)","GC.DOD.TOTL.GD.ZS","","","","","","","","","","","","","","","","","","","","","","","","","","","","","","","","","","","","","","","","","","","","","","","","","","","","","","","","","","","","","",
"Thailand","THA","Central government debt, total (% of GDP)","GC.DOD.TOTL.GD.ZS","","","","","","","","","","","","","","","","","","","","","","","","","","","","","","","18.4477538501483","13.3655673362757","10.8789951587465","8.18624353670039","5.69321973711674","4.61009471231839","3.67349745742469","4.64152040948473","10.6698573854214","20.0057789155598","21.9645865139196","24.5783340358589","30.0703562721572","27.0460183720806","24.3963998008709","25.4581282780769","24.3806591494652","22.9934668319175","22.4502172623288","26.7791952036446","26.9008455437265","28.1319763006874","28.4447160238828","34.7818441710121","39.5686522173607","35.2739629742518","","","","","",
"Tajikistan","TJK","Central government debt, total (% of GDP)","GC.DOD.TOTL.GD.ZS","","","","","","","","","","","","","","","","","","","","","","","","","","","","","","","","","","","","","","","","","","","","","","","","","","","","","","","","","","","","","",
"Turkmenistan","TKM","Central government debt, total (% of GDP)","GC.DOD.TOTL.GD.ZS","","","","","","","","","","","","","","","","","","","","","","","","","","","","","","","","","","","","","","","","","","","","","","","","","","","","","","","","","","","","","",
"Latin America & the Caribbean (IDA & IBRD countries)","TLA","Central government debt, total (% of GDP)","GC.DOD.TOTL.GD.ZS","","","","","","","","","","","","","","","","","","","","","","","","","","","","","","","","","","","","","","","","","","","","","","","","","","","","","","","","","","","","","",
"Timor-Leste","TLS","Central government debt, total (% of GDP)","GC.DOD.TOTL.GD.ZS","","","","","","","","","","","","","","","","","","","","","","","","","","","","","","","","","","","","","","","","","","","","","","","","","","","","","","","","","","","","","",
"Middle East & North Africa (IDA & IBRD countries)","TMN","Central government debt, total (% of GDP)","GC.DOD.TOTL.GD.ZS","","","","","","","","","","","","","","","","","","","","","","","","","","","","","","","","","","","","","","","","","","","","","","","","","","","","","","","","","","","","","",
"Tonga","TON","Central government debt, total (% of GDP)","GC.DOD.TOTL.GD.ZS","","","","","","","","","","","","","","","","","","","","","","","","","","","","","","","","","","","","","","","","","","","","","","","","","","","","","","49.0380839800652","47.4764850994565","51.176079919279","49.4146054980866","","","","",
"South Asia (IDA & IBRD)","TSA","Central government debt, total (% of GDP)","GC.DOD.TOTL.GD.ZS","","","","","","","","","","","","","","","","","","","","","","","","","","","","","","","54.8663444079039","54.0803418488817","53.5320258547655","55.823325428869","51.0870053569937","49.0601946714798","47.2893333608364","51.4958321698661","54.4045012820036","52.7549097182764","57.3838888591127","58.3632266383945","61.6467532849678","61.1820360352561","63.7297325482229","62.9686766890519","60.4286337255421","58.1654124460054","57.1374256155169","56.1829462788888","52.0415917156852","52.1680532110211","51.2469604842386","50.9779050508687","","","","","","","",
"Sub-Saharan Africa (IDA & IBRD countries)","TSS","Central government debt, total (% of GDP)","GC.DOD.TOTL.GD.ZS","","","","","","","","","","","","","","","","","","","","","","","","","","","","","","","","","","","","","","","","","","","","","","","","","","","","","","","","","","","","","",
"Trinidad and Tobago","TTO","Central government debt, total (% of GDP)","GC.DOD.TOTL.GD.ZS","","","","","","","","","","","","","","","","","","","","","","","","","","","","","","","","","","","","","","","","","","","","","","","16.803206848237","15.928004235045","","","","","","","","","","","","","",
"Tunisia","TUN","Central government debt, total (% of GDP)","GC.DOD.TOTL.GD.ZS","","","","","","","","","","","","","","","","","","","","","","","","","","","","","","","54.7703800956018","60.6727188081937","55.4991317544397","59.3098274568642","59.0345141585198","57.518267866149","55.2965179400303","56.9353278066895","54.2817440338334","55.6386363803379","56.7214685407345","56.467642102279","55.9340939899214","55.0211600274784","53.8374194744404","52.4205297222421","48.562318473175","45.7895412461289","43.2919349060393","42.9297921509547","40.6626014003759","44.6247763295406","44.6597512024834","","","","","","","","",
"Turkey","TUR","Central government debt, total (% of GDP)","GC.DOD.TOTL.GD.ZS","","","","","","","","","","","","","","","","","","","","","","","","","","","","","","","30.2454942016516","32.1299111323629","34.0172750620102","33.6982232562415","44.0175057105221","35.8414007648945","37.9207501444174","44.2932887174408","30.2966279901057","","","","","","","","","","41.2155893784122","50.1129561090002","47.1216697794956","42.0450131189526","38.9933664738251","32.6708937101207","31.40361146898","29.0542646789227","31.6533464950334","","","","",
"Tuvalu","TUV","Central government debt, total (% of GDP)","GC.DOD.TOTL.GD.ZS","","","","","","","","","","","","","","","","","","","","","","","","","","","","","","","","","","","","","","","","","","","","","","","","","","","","","","","","","","","","","",
"Tanzania","TZA","Central government debt, total (% of GDP)","GC.DOD.TOTL.GD.ZS","","","","","","","","","","","","","","","","","","","","","","","","","","","","","","","","","","","","","","","","","","","","","","","","","","","","","","","","","","","","","",
"Uganda","UGA","Central government debt, total (% of GDP)","GC.DOD.TOTL.GD.ZS","","","","","","","","","","","","","","","","","","","","","","","","","","","","","","","","","","","","","","","","","","","","","","","","","","","","","","","","","","","","","",
"Ukraine","UKR","Central government debt, total (% of GDP)","GC.DOD.TOTL.GD.ZS","","","","","","","","","","","","","","","","","","","","","","","","","","","","","","","","","","","","","","","","60.976448181234","45.2874698653496","","","","","","","","13.8402079543379","24.8994141074509","29.9695556383217","27.4827594960273","33.7031001609632","37.0287155729123","63.6653191884884","70.2588376218982","71.8095454494004","","","","",
"Upper middle income","UMC","Central government debt, total (% of GDP)","GC.DOD.TOTL.GD.ZS","","","","","","","","","","","","","","","","","","","","","","","","","","","","","","","","","","","","","","","","","","","","","","","","","","","","","","","","","","","","","",
"Uruguay","URY","Central government debt, total (% of GDP)","GC.DOD.TOTL.GD.ZS","","","","","","","","","","","","","","","","","","","","","","","","","","","","","","","31.5959630364015","24.5905757591411","23.6047773194107","21.8791430371302","24.5301880718095","","","","","","","40.6433348580901","95.2678607353549","105.602780864176","85.4255941269123","76.1144597035528","69.0268963522553","58.5120605330092","57.2526825192788","49.2733292112122","44.2227017529432","45.3514512219507","43.4034504534076","42.7408509972793","44.35796132952","51.1864800205919","50.6849558753255","","","","",
"United States","USA","Central government debt, total (% of GDP)","GC.DOD.TOTL.GD.ZS","","","","","","","","","","","","","","","","","","","","","","","","","","","","","","39.128400199944","40.933943570707","44.0615972806026","46.0501444176036","48.2461403335599","47.3534821707435","47.2095352870886","46.7417685500108","44.1174698332784","41.1291489790385","37.7292772729571","33.263120248676","15.1658484819226","53.831020656133","56.2416463518739","56.6783896767545","56.5499612625269","55.4711368300526","55.7459714474528","64.0622298869459","76.1779363289699","85.4642738610747","90.0547850215033","94.163413471203","96.0756025370965","96.3424846931573","96.8191887999694","98.9759928287806","","","","",
"Uzbekistan","UZB","Central government debt, total (% of GDP)","GC.DOD.TOTL.GD.ZS","","","","","","","","","","","","","","","","","","","","","","","","","","","","","","","","","","","","","","","","","","","","","","","","","","","","","","","","","","","","","",
"St. Vincent and the Grenadines","VCT","Central government debt, total (% of GDP)","GC.DOD.TOTL.GD.ZS","","","","","","","","","","","","","","","","","","","","","","","","","","","","","","","31.5260936461594","31.5824661356898","33.6319837500488","40.7098757087522","43.263847150274","43.3532667723757","41.6079064854481","39.3832023932378","40.0387163185079","51.9459985324307","51.7428779003608","48.9016464559096","52.3300210498833","55.4548969656624","59.3259448726376","57.149874301212","54.0523795202106","45.7249869846124","45.8443468322957","56.8312179829486","59.8947431373722","58.4684067815179","61.2051824770701","63.5539167856373","68.7494592407486","","","","","","",
"Venezuela, RB","VEN","Central government debt, total (% of GDP)","GC.DOD.TOTL.GD.ZS","","","","","","","","","","","","","","","","","","","","","","","","","","","","","","","","","","","","","","","","","","","","","","","","","","","","","","","","","","","","","",
"British Virgin Islands","VGB","Central government debt, total (% of GDP)","GC.DOD.TOTL.GD.ZS","","","","","","","","","","","","","","","","","","","","","","","","","","","","","","","","","","","","","","","","","","","","","","","","","","","","","","","","","","","","","",
"Virgin Islands (U.S.)","VIR","Central government debt, total (% of GDP)","GC.DOD.TOTL.GD.ZS","","","","","","","","","","","","","","","","","","","","","","","","","","","","","","","","","","","","","","","","","","","","","","","","","","","","","","","","","","","","","",
"Vietnam","VNM","Central government debt, total (% of GDP)","GC.DOD.TOTL.GD.ZS","","","","","","","","","","","","","","","","","","","","","","","","","","","","","","","","","","","","","","","","","","","","","","","","","","","","","","","","","","","","","",
"Vanuatu","VUT","Central government debt, total (% of GDP)","GC.DOD.TOTL.GD.ZS","","","","","","","","","","","","","","","","","","","","","","","","","","","","","","","23.4169659568011","","","","","24.1834507924015","22.3390410958904","23.3531607922546","28.4031452746136","27.3032116324112","","","","","","","","","","","","","","","","","","","","","",
"World","WLD","Central government debt, total (% of GDP)","GC.DOD.TOTL.GD.ZS","","","","","","","","","","","","","","","","","","","","","","","","","","","","","","","","","","","","","","","","","","","","","","","","","","","","","","","","","","","","","",
"Samoa","WSM","Central government debt, total (% of GDP)","GC.DOD.TOTL.GD.ZS","","","","","","","","","","","","","","","","","","","","","","","","","","","","","","","","","","","","","","","","","","","","","","","","","","","","","","","","","","","","","",
"Kosovo","XKX","Central government debt, total (% of GDP)","GC.DOD.TOTL.GD.ZS","","","","","","","","","","","","","","","","","","","","","","","","","","","","","","","","","","","","","","","","","","","","","","","","","","","","","","","","","","","","","",
"Yemen, Rep.","YEM","Central government debt, total (% of GDP)","GC.DOD.TOTL.GD.ZS","","","","","","","","","","","","","","","","","","","","","","","","","","","","","","","","","","","","","","","","","","","","","","","","","","","","","","","","","","","","","",
"South Africa","ZAF","Central government debt, total (% of GDP)","GC.DOD.TOTL.GD.ZS","","","","","","","","","","","","","","","","","","","","","","","","","","","","","","","35.3398824635165","36.9948428757177","40.3064189532553","43.7840067079228","49.2296965336848","49.5658573784738","48.9129561258787","47.8133795655631","49.5834088265337","46.7728777255068","44.1132212645986","","","","","","","","26.0184722820795","","","","","","","","","","","","",
"Zambia","ZMB","Central government debt, total (% of GDP)","GC.DOD.TOTL.GD.ZS","","","","","","","","","","","","","","","","","","","","","","","","","","","","","","","244.380536439033","277.530307986501","164.700753558863","161.786076869105","149.209889858483","155.279224614308","175.934490736564","150.072548942759","161.232157851948","","","","","","","","","","","","","18.0498818772738","23.488887811346","24.2239594002551","44.395867179877","49.4073268222989","","","","","",
"Zimbabwe","ZWE","Central government debt, total (% of GDP)","GC.DOD.TOTL.GD.ZS","","","","","","","","","","","","","","","","","","","","","","","","","","","","","","","","","","","","","","","","","","","","","","","","","","","","","","","","","","","","","",
